model,MAE,RMSE
Linear Regression,11.60739674471167,18.008791262441505
Random Forest,11.531299112801014,17.726541438978803
LSTM,14.701594352722168,22.91096712386409
