model,MAE,RMSE
Linear Regression,15.570595183166503,22.553752839516623
Random Forest,14.802756653992395,21.40241094810664
LSTM,16.5679931640625,25.496046769625018
